Route,Route Name,Combustion,Upstream
1,Capacity_Allocation,1923.446142,0
2,Algeria,1923.446142,806.965955
3,LNG,1923.446142,1010.116823
4,Libya,1923.446142,1063.84938
5,Norway,1923.446142,339.92092
6,Turkey,1923.446142,400.088
7,Russia,1923.446142,1199.590775
8,Baltic,1923.446142,334.1600375
