Route,Route Name,Intensity
1,Capacity_Allocation,2409.222768
2,Algeria,2473.154023
3,LNG,2657.164117
4,Libya,2705.834019
5,Norway,2050.113739
6,Turkey,2104.611907
7,Russia,2828.785927
8,Baltic,2044.895644
